{
    "fid_infinity": 105.38249580601106,
    "kid_infinity": 0.09057836009652748,
    "fid_values": [
        116.06046561649777,
        113.36854114786976,
        112.19613491197839,
        111.61360766560517,
        110.88688189736351,
        110.23990275668035,
        110.20895965809842,
        109.46398161928653,
        109.58474365972168,
        108.99721859258449,
        108.85732905726763
    ],
    "kid_values": [
        0.09127736806869508,
        0.09047169208526612,
        0.08980597972869873,
        0.09120203733444214,
        0.09051873207092286,
        0.09070217609405518,
        0.09063125848770141,
        0.09020423173904418,
        0.09087708234786987,
        0.09111007690429687,
        0.09059208869934082
    ],
    "batch_sizes": [
        1000,
        1200,
        1400,
        1600,
        1800,
        2000,
        2200,
        2400,
        2600,
        2800,
        3000
    ]
}