{
    "fid_infinity": 97.89937911364837,
    "kid_infinity": 0.08272802219694086,
    "fid_values": [
        108.62661283065984,
        106.24655561332304,
        105.4373110647222,
        103.322853445102,
        103.03439148662875,
        103.06715870920135,
        102.814521923825,
        102.27084139591864,
        101.96759851311725,
        101.69429544188574,
        101.52914463087546
    ],
    "kid_values": [
        0.0839761757850647,
        0.08347012996673583,
        0.08312466144561767,
        0.08226680040359496,
        0.0825191855430603,
        0.08328147649765015,
        0.08349878787994384,
        0.08282584905624389,
        0.08299265623092651,
        0.08341349601745605,
        0.08327025175094604
    ],
    "batch_sizes": [
        1000,
        1200,
        1400,
        1600,
        1800,
        2000,
        2200,
        2400,
        2600,
        2800,
        3000
    ]
}