{
    "fid_infinity": 273.279667496581,
    "kid_infinity": 0.31494940742073735,
    "fid_values": [
        283.8357679899129,
        284.6808106665127,
        281.77153150182096,
        280.40860701245913,
        279.17323026686074,
        279.93486643647043,
        278.21983876674165,
        277.9693139195042,
        277.7205748111028,
        277.32573491972335,
        277.253398236666
    ],
    "kid_values": [
        0.31404956817626956,
        0.31780787467956545,
        0.31607406854629516,
        0.3154403519630432,
        0.3147420072555542,
        0.31612852334976194,
        0.31476831674575806,
        0.3150497531890869,
        0.31481797456741334,
        0.31563640832901,
        0.31505842924118044
    ],
    "batch_sizes": [
        1000,
        1200,
        1400,
        1600,
        1800,
        2000,
        2200,
        2400,
        2600,
        2800,
        3000
    ]
}