{
    "fid_infinity": 120.53122496055246,
    "kid_infinity": 0.11027258389810013,
    "fid_values": [
        129.0606024737899,
        127.7093923350231,
        126.58014714799569,
        125.98830128571655,
        125.82461584395207,
        124.80316429987755,
        124.34737632490015,
        123.54230347351154,
        123.89085427449521,
        123.92506691110606,
        123.29905987212021
    ],
    "kid_values": [
        0.11078480958938598,
        0.11021949768066407,
        0.11008993625640869,
        0.11053472518920898,
        0.11103054761886597,
        0.11052502393722534,
        0.11043803930282593,
        0.10947681903839111,
        0.11006670236587525,
        0.11112612962722779,
        0.11034989833831788
    ],
    "batch_sizes": [
        1000,
        1200,
        1400,
        1600,
        1800,
        2000,
        2200,
        2400,
        2600,
        2800,
        3000
    ]
}