{
    "fid_infinity": 108.39562916509064,
    "kid_infinity": 0.09551773720218193,
    "fid_values": [
        117.15362187740777,
        115.2720483575095,
        114.58069373915501,
        113.50387310704502,
        113.0601288499519,
        113.04335960818838,
        112.4143464461676,
        111.58354612926234,
        111.4542781541156,
        111.75239852608104,
        111.32127044566448
    ],
    "kid_values": [
        0.09453908205032349,
        0.09430471420288086,
        0.09480344533920287,
        0.0942182755470276,
        0.0948783802986145,
        0.09563910007476807,
        0.0949957537651062,
        0.09424169540405274,
        0.09444085836410522,
        0.095820152759552,
        0.0953563117980957
    ],
    "batch_sizes": [
        1000,
        1200,
        1400,
        1600,
        1800,
        2000,
        2200,
        2400,
        2600,
        2800,
        3000
    ]
}