{
    "fid_infinity": 103.06469878814887,
    "kid_infinity": 0.09166237104584556,
    "fid_values": [
        112.12102951368053,
        111.19651636765707,
        109.6645200328067,
        109.35292763995284,
        107.6902064371958,
        107.65054574062714,
        107.47386552754844,
        107.06912244804917,
        106.6449227890327,
        106.31377709297817,
        106.12647246644872
    ],
    "kid_values": [
        0.09105610370635986,
        0.0915350580215454,
        0.09151343584060669,
        0.09198522567749023,
        0.09090417623519897,
        0.09168615102767945,
        0.09168378591537475,
        0.09115655183792114,
        0.09156455516815186,
        0.09144871473312378,
        0.09161548852920533
    ],
    "batch_sizes": [
        1000,
        1200,
        1400,
        1600,
        1800,
        2000,
        2200,
        2400,
        2600,
        2800,
        3000
    ]
}