{
    "fid_infinity": 127.53711946467722,
    "kid_infinity": 0.14195614362766318,
    "fid_values": [
        136.39135094646224,
        135.5270619387847,
        133.56502384017983,
        132.47977379774738,
        132.92631384273048,
        131.99768453397877,
        131.63085597844153,
        131.153685475124,
        131.06601345095882,
        130.67244664155396,
        130.62701919133377
    ],
    "kid_values": [
        0.14116950035095216,
        0.14290433883666992,
        0.14128073930740356,
        0.1400088405609131,
        0.14233614683151244,
        0.14180320262908935,
        0.14211124420166016,
        0.14169444561004638,
        0.14198821783065796,
        0.14156627655029297,
        0.14191215991973877
    ],
    "batch_sizes": [
        1000,
        1200,
        1400,
        1600,
        1800,
        2000,
        2200,
        2400,
        2600,
        2800,
        3000
    ]
}