{
    "fid_infinity": 209.29617699601917,
    "kid_infinity": 0.21383896465671556,
    "fid_values": [
        218.16019189264853,
        217.7709063551959,
        216.23316102563496,
        216.6458094317888,
        215.21990990864657,
        214.10453029239616,
        213.36972099475486,
        212.90352614165852,
        212.79453425408977,
        212.6309862939855,
        212.43989644027175
    ],
    "kid_values": [
        0.21022162199020386,
        0.20999665975570678,
        0.21090672731399537,
        0.21347635984420776,
        0.21336816310882567,
        0.21194334030151368,
        0.21209318399429322,
        0.2113288474082947,
        0.21211090564727783,
        0.21264685392379762,
        0.2125422787666321
    ],
    "batch_sizes": [
        1000,
        1200,
        1400,
        1600,
        1800,
        2000,
        2200,
        2400,
        2600,
        2800,
        3000
    ]
}