{
    "fid_infinity": 173.78408364622393,
    "kid_infinity": 0.18510638030999702,
    "fid_values": [
        184.28811552370064,
        181.2604421119218,
        182.4358640138322,
        178.75763236685265,
        180.69721663386287,
        178.99569952547643,
        178.0543388045815,
        178.573749460559,
        177.95486749444598,
        176.83070588371453,
        177.0782345508981
    ],
    "kid_values": [
        0.1843149995803833,
        0.18173067569732665,
        0.18543930053710939,
        0.1819567537307739,
        0.18481700658798217,
        0.1846585202217102,
        0.18365336894989015,
        0.18489598989486694,
        0.18468449115753174,
        0.1842541790008545,
        0.1845541787147522
    ],
    "batch_sizes": [
        1000,
        1200,
        1400,
        1600,
        1800,
        2000,
        2200,
        2400,
        2600,
        2800,
        3000
    ]
}