{
    "fid_infinity": 237.73843085104627,
    "kid_infinity": 0.2506445688592388,
    "fid_values": [
        245.25057932589283,
        248.64915607018986,
        245.59600316254824,
        242.46607930514836,
        242.58976157622035,
        245.04701953254045,
        242.1492252756526,
        242.90285448171505,
        240.61890218160795,
        240.02697595794876,
        240.48830537563217
    ],
    "kid_values": [
        0.24103577613830565,
        0.2480068826675415,
        0.24687769651412964,
        0.2451460075378418,
        0.24652994871139527,
        0.2494996666908264,
        0.24813096284866332,
        0.249692165851593,
        0.24658506155014037,
        0.24647213459014894,
        0.24747649908065797
    ],
    "batch_sizes": [
        1000,
        1200,
        1400,
        1600,
        1800,
        2000,
        2200,
        2400,
        2600,
        2800,
        3000
    ]
}