{
    "fid_infinity": 234.5912768522676,
    "kid_infinity": 0.2416082404335805,
    "fid_values": [
        256.07464781662287,
        250.63081362555732,
        244.40687559490954,
        243.83949145067794,
        246.98457668238882,
        244.97401542313514,
        245.06849644425898,
        243.37031213650988,
        241.34314797903536,
        241.09555964461578,
        241.28112476169662
    ],
    "kid_values": [
        0.25279731273651124,
        0.24852298974990844,
        0.24216198205947875,
        0.24317309617996216,
        0.24852304220199584,
        0.24656636953353883,
        0.2476002597808838,
        0.24621939659118652,
        0.24391792058944703,
        0.2438473606109619,
        0.24484694242477417
    ],
    "batch_sizes": [
        1000,
        1200,
        1400,
        1600,
        1800,
        2000,
        2200,
        2400,
        2600,
        2800,
        3000
    ]
}