{
    "fid_infinity": 201.74680768404835,
    "kid_infinity": 0.19771614952019384,
    "fid_values": [
        219.28038142971863,
        216.87457439988773,
        214.49675261565937,
        213.14815773359226,
        211.76965476462084,
        210.5443067700184,
        209.33880531117953,
        208.87049557119428,
        208.8093153449302,
        208.22445395597003,
        207.78208530084999
    ],
    "kid_values": [
        0.19716438055038452,
        0.19564070224761962,
        0.19569143295288086,
        0.19767504692077636,
        0.19678192377090453,
        0.19690392971038817,
        0.19692886829376222,
        0.19701005458831788,
        0.19790918111801148,
        0.196903715133667,
        0.19733251571655275
    ],
    "batch_sizes": [
        1000,
        1200,
        1400,
        1600,
        1800,
        2000,
        2200,
        2400,
        2600,
        2800,
        3000
    ]
}