{
    "fid_infinity": 299.639883609169,
    "kid_infinity": 0.32731411557691364,
    "fid_values": [
        314.5066021726708,
        312.3829739974583,
        310.9005519240412,
        307.59338984956,
        307.54029356448814,
        306.9846774726482,
        305.687978081225,
        306.1075896090391,
        305.5939749991179,
        305.3372291463105,
        304.8489014740683
    ],
    "kid_values": [
        0.3296687388420105,
        0.32933319568634034,
        0.32941722869873047,
        0.3271198391914368,
        0.32783528327941897,
        0.32873950242996214,
        0.32716630458831786,
        0.3293755555152893,
        0.32880464792251585,
        0.3280363202095032,
        0.32796913862228394
    ],
    "batch_sizes": [
        1000,
        1200,
        1400,
        1600,
        1800,
        2000,
        2200,
        2400,
        2600,
        2800,
        3000
    ]
}