{
    "fid_infinity": 107.41577898469728,
    "kid_infinity": 0.09699275383320582,
    "fid_values": [
        118.19635545914332,
        116.47586581434024,
        115.00959930393566,
        113.79024720394784,
        113.44002245829131,
        113.01234689902842,
        112.08416912455371,
        111.40861529123777,
        111.71846706593618,
        111.54264204421293,
        111.05727682375797
    ],
    "kid_values": [
        0.09731794834136963,
        0.09776999711990357,
        0.0975849461555481,
        0.09729948997497559,
        0.0978408145904541,
        0.09783443689346313,
        0.09716539859771728,
        0.09645977973937989,
        0.09688457489013672,
        0.09776647806167603,
        0.09710244178771972
    ],
    "batch_sizes": [
        1000,
        1200,
        1400,
        1600,
        1800,
        2000,
        2200,
        2400,
        2600,
        2800,
        3000
    ]
}