{
    "fid_infinity": 160.0839336308207,
    "kid_infinity": 0.1595274224122173,
    "fid_values": [
        178.12274914804522,
        172.38919825196422,
        169.92255681939076,
        168.3009567986,
        166.91191926467025,
        166.14970517308808
    ],
    "kid_values": [
        0.15988872766494752,
        0.15761903285980225,
        0.15861714601516724,
        0.15948578119277954,
        0.1597948694229126,
        0.1597010850906372
    ],
    "batch_sizes": [
        1000,
        1400,
        1800,
        2200,
        2600,
        3000
    ]
}