{
    "fid_infinity": 159.108947844413,
    "kid_infinity": 0.16000150844897387,
    "fid_values": [
        180.24734024387183,
        176.39612158084077,
        173.46536169184742,
        172.82060540103924,
        170.34978913708147,
        169.67700739990045,
        168.68189225772295,
        167.6942377103685,
        167.17159693345292,
        166.60288978285308,
        166.14972902679295
    ],
    "kid_values": [
        0.15989969730377196,
        0.15961246252059935,
        0.15937211751937866,
        0.1607825779914856,
        0.15990158319473266,
        0.1603537058830261,
        0.16009798765182495,
        0.15961615324020387,
        0.16008337259292602,
        0.1597173810005188,
        0.15971484661102295
    ],
    "batch_sizes": [
        1000,
        1200,
        1400,
        1600,
        1800,
        2000,
        2200,
        2400,
        2600,
        2800,
        3000
    ]
}