{
    "fid_infinity": 82.12766117303157,
    "kid_infinity": 0.06734425175012969,
    "fid_values": [
        92.12769667289092,
        91.44209698857551,
        90.06790080385338,
        90.00960491819404,
        88.17840108240296,
        87.15480107504061,
        86.6739362985183,
        86.43152357720604,
        86.14679640460642,
        85.86960520486667,
        85.71873526394171
    ],
    "kid_values": [
        0.06628385543823243,
        0.06727359771728515,
        0.06706099271774292,
        0.06828043222427368,
        0.06787406921386718,
        0.06672097206115722,
        0.06683783054351806,
        0.06690878868103027,
        0.06693568229675292,
        0.06731108903884887,
        0.06703638315200805
    ],
    "batch_sizes": [
        1000,
        1200,
        1400,
        1600,
        1800,
        2000,
        2200,
        2400,
        2600,
        2800,
        3000
    ]
}