{
    "fid_infinity": 146.54515836674074,
    "kid_infinity": 0.14107502888584528,
    "fid_values": [
        154.3855557513534,
        153.3830484556803,
        152.456553621384,
        152.3853815351136,
        151.6196649226261,
        150.0089031941312,
        150.40927613263977,
        150.10599952607862,
        149.66218985728395,
        149.30409531794356,
        148.98560245098193
    ],
    "kid_values": [
        0.13993008852005004,
        0.14089902877807617,
        0.14079207181930542,
        0.14173597812652589,
        0.14154019832611084,
        0.14021347761154174,
        0.14089112758636474,
        0.14077932357788087,
        0.14047418355941774,
        0.1411254620552063,
        0.14051695346832274
    ],
    "batch_sizes": [
        1000,
        1200,
        1400,
        1600,
        1800,
        2000,
        2200,
        2400,
        2600,
        2800,
        3000
    ]
}