{
    "fid_infinity": 167.79447713475184,
    "kid_infinity": 0.1643556208443141,
    "fid_values": [
        174.79825392420122,
        173.5135823807243,
        172.14267553573768,
        170.9931181640493,
        171.2463451455927,
        171.4000426295621,
        171.55214586604893,
        170.78633088441563,
        170.0871193047063,
        170.17827754423314,
        170.03260236414457
    ],
    "kid_values": [
        0.16379404544830323,
        0.16325666904449462,
        0.16306954145431518,
        0.16262560844421386,
        0.1633396315574646,
        0.16480982303619385,
        0.16498528480529784,
        0.16338207483291625,
        0.16315189599990845,
        0.16438729524612428,
        0.16403489351272582
    ],
    "batch_sizes": [
        1000,
        1200,
        1400,
        1600,
        1800,
        2000,
        2200,
        2400,
        2600,
        2800,
        3000
    ]
}