{
    "fid_infinity": 145.639722056382,
    "kid_infinity": 0.1406808749847408,
    "fid_values": [
        153.44446809379264,
        152.61949692524925,
        151.42983819828316,
        151.20588686053836,
        150.49481965863572,
        150.16048048610236,
        148.27999471421097,
        148.796126391318,
        149.2177105822315,
        148.3067719163272,
        148.41911017609203
    ],
    "kid_values": [
        0.13938411235809325,
        0.13960878133773805,
        0.13974236011505126,
        0.14095307111740113,
        0.14081067800521851,
        0.14122674942016603,
        0.13902512788772584,
        0.13952504396438598,
        0.14021759748458862,
        0.1404356098175049,
        0.14031005620956422
    ],
    "batch_sizes": [
        1000,
        1200,
        1400,
        1600,
        1800,
        2000,
        2200,
        2400,
        2600,
        2800,
        3000
    ]
}