{
    "fid_infinity": 278.2022636033569,
    "kid_infinity": 0.3143816135137942,
    "fid_values": [
        289.25766718757006,
        286.8435571572362,
        285.5367874527027,
        284.5513689572607,
        284.3712877391092,
        283.24242065571957,
        282.5552821561916,
        283.32909921858834,
        282.3962165566231,
        281.9626665588191,
        281.84019501122094
    ],
    "kid_values": [
        0.3154566621780395,
        0.3144724202156067,
        0.3148618245124817,
        0.31460937261581423,
        0.3153835701942444,
        0.3144974088668823,
        0.313884334564209,
        0.3149354887008667,
        0.3147162675857544,
        0.3148688364028931,
        0.3147152495384216
    ],
    "batch_sizes": [
        1000,
        1200,
        1400,
        1600,
        1800,
        2000,
        2200,
        2400,
        2600,
        2800,
        3000
    ]
}