{
    "fid_infinity": 144.37018920232939,
    "kid_infinity": 0.1417954216228325,
    "fid_values": [
        155.60750183053506,
        151.3865787578576,
        151.35741635837564,
        151.09424345255388,
        150.4111074976816,
        149.21976643204056,
        148.97732383280135,
        148.27740701398383,
        148.50126912971905,
        148.18924871767013,
        147.90398717764066
    ],
    "kid_values": [
        0.14433841466903685,
        0.14098670721054077,
        0.14224811792373657,
        0.14364517688751222,
        0.14333588123321533,
        0.14222264528274536,
        0.14201100826263427,
        0.14180950164794923,
        0.14230266332626343,
        0.1427686643600464,
        0.14234508991241454
    ],
    "batch_sizes": [
        1000,
        1200,
        1400,
        1600,
        1800,
        2000,
        2200,
        2400,
        2600,
        2800,
        3000
    ]
}