{
    "fid_infinity": 131.84702026085063,
    "kid_infinity": 0.1187777691038074,
    "fid_values": [
        136.61680273595124,
        137.2948471660686,
        137.44480716857748,
        134.97660150250158,
        134.88456120665518,
        134.1823941280311,
        135.4438347987795,
        133.9060537212136,
        134.06457260430858,
        133.68714870656353,
        133.54629821196195
    ],
    "kid_values": [
        0.11422620058059692,
        0.11709882736206055,
        0.11843696117401123,
        0.11610811471939086,
        0.11678684234619141,
        0.11668241024017334,
        0.11838347673416137,
        0.11693636178970337,
        0.11725795984268189,
        0.11788233280181885,
        0.11728185892105103
    ],
    "batch_sizes": [
        1000,
        1200,
        1400,
        1600,
        1800,
        2000,
        2200,
        2400,
        2600,
        2800,
        3000
    ]
}