{
    "fid_infinity": 186.00475459736404,
    "kid_infinity": 0.180282643213415,
    "fid_values": [
        204.44400716486567,
        199.20074247018732,
        196.14986861029865,
        194.5145158576591,
        192.93182941215923,
        192.2455170771199
    ],
    "kid_values": [
        0.17611209630966188,
        0.17739715814590454,
        0.17767976284027098,
        0.17968958854675293,
        0.17807496786117555,
        0.17868562936782836
    ],
    "batch_sizes": [
        1000,
        1400,
        1800,
        2200,
        2600,
        3000
    ]
}