{
    "fid_infinity": 185.09795413360374,
    "kid_infinity": 0.17801488828131293,
    "fid_values": [
        205.5077240317655,
        202.79587581080628,
        199.9382964400831,
        197.8447268173306,
        195.62524893101795,
        195.37037210047626,
        194.2901692985707,
        193.7447829790881,
        192.91117523703429,
        192.7560909743163,
        192.24551120811407
    ],
    "kid_values": [
        0.17853915691375732,
        0.17933931112289428,
        0.17807048559188843,
        0.17757848739624024,
        0.1779807186126709,
        0.17909016847610473,
        0.17771573305130006,
        0.17813555240631104,
        0.1780598759651184,
        0.17856388807296752,
        0.17862558603286743
    ],
    "batch_sizes": [
        1000,
        1200,
        1400,
        1600,
        1800,
        2000,
        2200,
        2400,
        2600,
        2800,
        3000
    ]
}