{
    "fid_infinity": 81.02198587572957,
    "kid_infinity": 0.0669480058036131,
    "fid_values": [
        92.8987223379149,
        91.14283754902391,
        90.16629382459075,
        88.38943959977848,
        87.68256194078879,
        87.25923008665853,
        86.45033938660853,
        85.92532373470866,
        85.5569967102511,
        85.27746821039668,
        85.18289858531492
    ],
    "kid_values": [
        0.0661916446685791,
        0.06675503730773925,
        0.06763484239578248,
        0.06650226593017577,
        0.06661409854888917,
        0.06688034534454346,
        0.06688813924789429,
        0.06653006792068482,
        0.06669236183166503,
        0.06687297582626343,
        0.06683901071548462
    ],
    "batch_sizes": [
        1000,
        1200,
        1400,
        1600,
        1800,
        2000,
        2200,
        2400,
        2600,
        2800,
        3000
    ]
}