{
    "fid_infinity": 226.87740016509744,
    "kid_infinity": 0.2589995721282972,
    "fid_values": [
        242.16681487417532,
        238.30296826120951,
        237.2152149057298,
        235.54471907546161,
        232.8244746871787,
        235.49530460459874,
        232.69099059559937,
        233.247847288736,
        231.78000908962187,
        232.731661795869,
        232.34888745932585
    ],
    "kid_values": [
        0.2643869471549988,
        0.26042995452880857,
        0.2600404286384583,
        0.26019795894622805,
        0.2574857068061829,
        0.2622910690307617,
        0.26126261949539187,
        0.2606071615219116,
        0.2592475008964539,
        0.26104700565338135,
        0.26100974082946776
    ],
    "batch_sizes": [
        1000,
        1200,
        1400,
        1600,
        1800,
        2000,
        2200,
        2400,
        2600,
        2800,
        3000
    ]
}