{
    "fid_infinity": 213.54429783666103,
    "kid_infinity": 0.25066981496684576,
    "fid_values": [
        225.11043888942538,
        222.3566608581193,
        222.17089794244606,
        219.2096551352327,
        219.71024493988057,
        219.2185779095905,
        219.1296408481261,
        217.55144763215742,
        218.15026786196862,
        217.78787366101676,
        217.27825723538368
    ],
    "kid_values": [
        0.2520331120491028,
        0.25044798135757446,
        0.25083651304244997,
        0.24917904138565064,
        0.2504310941696167,
        0.2511866521835327,
        0.2516485071182251,
        0.2494358777999878,
        0.2516104936599731,
        0.2511626124382019,
        0.25117130517959596
    ],
    "batch_sizes": [
        1000,
        1200,
        1400,
        1600,
        1800,
        2000,
        2200,
        2400,
        2600,
        2800,
        3000
    ]
}