{
    "fid_infinity": 174.6851874237453,
    "kid_infinity": 0.1916848404786748,
    "fid_values": [
        185.0318932093987,
        185.81788025728525,
        181.9926762595898,
        182.03863883193185,
        181.64629289663293,
        179.54877678093698,
        178.7271066885665,
        179.5196075893441,
        180.04155898879338,
        178.67112691581173,
        178.1589720362956
    ],
    "kid_values": [
        0.18671592235565185,
        0.18995843410491944,
        0.188111093044281,
        0.18935654878616334,
        0.190377197265625,
        0.1891244411468506,
        0.18934719324111937,
        0.19011913776397704,
        0.1913577723503113,
        0.18980578899383546,
        0.18969868898391723
    ],
    "batch_sizes": [
        1000,
        1200,
        1400,
        1600,
        1800,
        2000,
        2200,
        2400,
        2600,
        2800,
        3000
    ]
}