{
    "fid_infinity": 163.2287064640126,
    "kid_infinity": 0.17272739520297337,
    "fid_values": [
        177.2973884116665,
        173.5137642153383,
        172.0805136738208,
        171.71230053308096,
        171.03668739073112,
        169.8345161848215,
        169.53678332670424,
        169.2590120182665,
        168.92420684848472,
        167.32620595540922,
        167.40940142810706
    ],
    "kid_values": [
        0.17350590467453003,
        0.1715463137626648,
        0.17312395811080933,
        0.1726861834526062,
        0.17389409065246583,
        0.17277363538742066,
        0.1733457064628601,
        0.172923903465271,
        0.17341208219528198,
        0.17150262355804444,
        0.17271825313568115
    ],
    "batch_sizes": [
        1000,
        1200,
        1400,
        1600,
        1800,
        2000,
        2200,
        2400,
        2600,
        2800,
        3000
    ]
}