{
    "fid_infinity": 122.17529592307741,
    "kid_infinity": 0.134873020685146,
    "fid_values": [
        132.61596565816393,
        129.932783667848,
        129.39702383978596,
        128.23886179862436,
        127.79367539836898,
        126.90887249497598,
        126.89377755278917,
        126.38604000783451,
        126.14431111245639,
        125.71672417523146,
        125.58306363127053
    ],
    "kid_values": [
        0.13367902755737304,
        0.1332113790512085,
        0.13373860597610474,
        0.1337924885749817,
        0.1345134973526001,
        0.13379854917526246,
        0.13402217626571655,
        0.13450740575790404,
        0.1342974853515625,
        0.1343349361419678,
        0.13439565658569336
    ],
    "batch_sizes": [
        1000,
        1200,
        1400,
        1600,
        1800,
        2000,
        2200,
        2400,
        2600,
        2800,
        3000
    ]
}