{
    "fid_infinity": 180.00308566154933,
    "kid_infinity": 0.18581141803627552,
    "fid_values": [
        200.40483771119005,
        197.7241265988187,
        196.09312267735612,
        192.4022802516134,
        192.00492849592996,
        189.9230213609388,
        189.14748539540926,
        189.06067988570527,
        187.59994040258096,
        187.63882991827717,
        187.19712622731043
    ],
    "kid_values": [
        0.1868637490272522,
        0.18700825214385985,
        0.18962839126586914,
        0.1853153610229492,
        0.18731564283370972,
        0.18648140430450438,
        0.186240975856781,
        0.18639906167984008,
        0.18576634645462037,
        0.1865987229347229,
        0.1868255615234375
    ],
    "batch_sizes": [
        1000,
        1200,
        1400,
        1600,
        1800,
        2000,
        2200,
        2400,
        2600,
        2800,
        3000
    ]
}