{
    "fid_infinity": 202.22900950599262,
    "kid_infinity": 0.198844466360135,
    "fid_values": [
        219.0261027636313,
        213.1573143133117,
        210.63251334872854,
        210.27758657361738,
        208.5993599888006,
        207.7821164878927
    ],
    "kid_values": [
        0.19484858274459838,
        0.19467989206314087,
        0.1963996434211731,
        0.19719212293624877,
        0.1977098488807678,
        0.1969416069984436
    ],
    "batch_sizes": [
        1000,
        1400,
        1800,
        2200,
        2600,
        3000
    ]
}