{
    "fid_infinity": 107.8990247599316,
    "kid_infinity": 0.09729802612516078,
    "fid_values": [
        117.2484964136263,
        115.54963593591589,
        112.64035029468602,
        112.57115859616357,
        111.48092232914226,
        111.05726379526345
    ],
    "kid_values": [
        0.09680223941802979,
        0.09786320209503174,
        0.09631709575653076,
        0.09786114931106567,
        0.09671394109725952,
        0.09733774423599244
    ],
    "batch_sizes": [
        1000,
        1400,
        1800,
        2200,
        2600,
        3000
    ]
}