N_t,time_mean,time_std,memory_estimate,allocations,gc_percent
1,0.001575413,0.0009655761430038168,0.00016469508409500122,3858,0.0
