N_t,time_mean,time_std,memory_estimate,allocations,gc_percent
1,0.023946155,0.012598490523956668,0.044506870210170746,306511,50.61663135480414
