N_t,time_mean,time_std,memory_estimate,allocations,gc_percent
1,0.007297502,0.0005806763934241366,0.0002189427614212036,3341,0.0
