N_t,time_mean,time_std,memory_estimate,allocations,gc_percent
1,0.005277056,0.0005914260906385654,0.00019353628158569336,3346,0.0
