N_t,time_mean,time_std,memory_estimate,allocations,gc_percent
1,0.009548136,0.00023484264926118515,0.0003295689821243286,3312,0.0
