N_t,time_mean,time_std,memory_estimate,allocations,gc_percent
1,0.001210024,0.0011730954283979377,0.00014196336269378662,3049,0.0
