N_t,time_mean,time_std,memory_estimate,allocations,gc_percent
1,0.00375045,0.0007090981369996095,0.00020875036716461182,3818,0.0
