n_z,time_mean,time_std,memory_estimate,allocations,gc_percent
10,0.127288557,0.0017800327721296414,0.04933543503284454,534875,3.272819724085646
20,0.171521934,0.0022129810314047557,0.057235971093177795,782527,4.270313323309425
30,0.252292294,0.004034523113409067,0.06533597409725189,1035780,3.807489657214818
40,0.351974883,0.0057813846422019085,0.073263019323349,1285195,3.881220126721372
50,0.529998145,0.041758273684004726,0.08120459318161011,1535397,5.235619645423476
