n_z,time_mean,time_std,memory_estimate,allocations,gc_percent
10,0.137600538,0.0033840372756162636,0.04927961528301239,533252,3.840838907185087
20,0.169666626,0.0016515970846799866,0.057180002331733704,780894,4.2273239994764795
30,0.252500302,0.004514113403472541,0.06527997553348541,1034145,4.363841513345991
40,0.358470782,0.006190061357055962,0.07320703566074371,1283562,3.8792570268669766
50,0.511239784,0.043377528223767406,0.0811484158039093,1533751,4.016100202405218
