n_z,time_mean,time_std,memory_estimate,allocations,gc_percent
10,0.12697691,0.007531622419386937,0.04933543503284454,534875,3.506907673213973
20,0.170328503,0.006729363000945713,0.05725550651550293,782608,4.847147632125905
30,0.266380962,0.007083960646336659,0.06533597409725189,1035780,3.661143396576517
40,0.367978396,0.005710275591674446,0.073263019323349,1285195,3.7047169475677584
50,0.540925323,0.04480472571095201,0.08120459318161011,1535397,4.6319199591253
