n_z,time_mean,time_std,memory_estimate,allocations,gc_percent
10,0.126828474,0.001797942003232621,0.04925726354122162,532329,3.7722372974384286
20,0.168437189,0.0030747713607798253,0.057149216532707214,779645,4.264306500626771
30,0.254668475,0.003931507412134671,0.06524088978767395,1032578,4.280261622487824
40,0.353927551,0.004106905951137333,0.07315953075885773,1281670,3.4104858369728897
50,0.547157914,0.04672453756131498,0.08109255135059357,1531538,3.514125357236449
