n_z,time_mean,time_std,memory_estimate,allocations,gc_percent
10,0.140700139,0.003366482117457,0.04934947192668915,535463,3.6434633515180823
20,0.194022166,0.005581734754780992,0.05725008249282837,783120,4.1508061506745575
30,0.253623769,0.004982280934749713,0.06535008549690247,1036373,4.261164102485994
40,0.358871438,0.004449330635575677,0.07327720522880554,1285793,4.078428777048565
50,0.534289078,0.04311281837927713,0.08121879398822784,1535996,5.195208201504729
