n_z,time_mean,time_std,memory_estimate,allocations,gc_percent
10,0.125478342,0.0022782186976398394,0.04927958548069,533251,4.28810893915063
20,0.175446313,0.0029962515591922824,0.057180002331733704,780894,4.311353638990408
30,0.249866948,0.003709992773286074,0.06527996063232422,1034145,4.271254795972455
40,0.350980348,0.004468085272232228,0.07320728898048401,1283564,3.8046477747523344
50,0.527636154,0.04034342251534895,0.08114840090274811,1533750,3.672196996568965
