n_z,time_mean,time_std,memory_estimate,allocations,gc_percent
10,0.142290034,0.00770701077508107,0.04927958548069,533251,4.818489958333975
20,0.184535562,0.00303467540340589,0.05717995762825012,780892,3.631245884194397
30,0.251229263,0.0034546653230814396,0.06527996063232422,1034145,3.1836080337504313
40,0.358408494,0.004338811763076427,0.07320751249790192,1283564,3.849453690681784
50,0.533337016,0.04270493235231941,0.0811484307050705,1533752,3.6126016799854
