N_l,time_mean,time_std,memory_estimate,allocations,gc_percent
10,0.944874746,0.011731589051327766,0.022529281675815582,516182,1.4495050331253112
20,0.951545328,0.0047553121771044815,0.0225282683968544,516181,1.498780623512241
30,0.944324098,0.0044042403382636795,0.0225282683968544,516181,1.3653275424514266
40,1.13561854,0.136274783886143,0.0225282683968544,516181,2.237380520399042
50,1.03561806,0.04205205258666635,0.0225282683968544,516181,1.7390031803809987
