N_l,time_mean,time_std,memory_estimate,allocations,gc_percent
10,1.085428147,0.007990230343216114,0.1454305648803711,209379,0.48677565756916014
20,2.194206429,0.009179927971467914,0.2907298505306244,418269,0.6717490572077801
30,3.281118873,0.006450924558163155,0.4360291212797165,627158,0.6508883958987243
40,4.378354518,0.022486062816876422,0.581328421831131,836049,0.5870276583208377
50,5.496454879,NaN,0.7266276776790619,1044937,0.567391940560675
