N_l,time_mean,time_std,memory_estimate,allocations,gc_percent
10,1.678133129,0.0035942129578068966,0.04518774151802063,289354,0.2551339298421061
20,3.412235952,0.023346565807639674,0.09024509787559509,578215,0.29197459203137777
30,5.13744685,NaN,0.13530144095420837,867075,0.2955496074864502
40,6.839028226,NaN,0.18035778403282166,1155935,0.2977416429221212
50,8.65252657,NaN,0.22541412711143494,1444795,0.29452776358246996
