N_t,time_mean,time_std,memory_estimate,allocations,gc_percent
2,3.51283315,0.014992290813858318,1.1482301950454712,935344,1.2561326176280248
4,6.274252871,NaN,2.258757621049881,941844,0.9782029551865667
6,9.084311205,NaN,3.3694286048412323,955895,1.0544206471843343
8,12.879566111,NaN,4.480139330029488,968429,6.322859558944967
10,16.544532844,NaN,5.59067240357399,974966,9.699529325676739
12,20.049266026,NaN,6.701203301548958,981500,11.712983572339377
