N_t,time_mean,time_std,memory_estimate,allocations,gc_percent
2,3.659596666,0.02719292688401927,1.1517894864082336,932135,1.2592934469571408
4,6.744452823,NaN,2.2647949159145355,938899,1.0709566794459584
6,9.651786255,NaN,3.3779607117176056,953754,1.1844411384553606
8,13.501711467,NaN,4.491151511669159,966549,1.398479559139582
10,17.572221091,NaN,5.604180604219437,974061,10.15091723899139
12,21.411608974,NaN,6.717201232910156,981256,11.310580316223554
