N_t,time_mean,time_std,memory_estimate,allocations,gc_percent
2,5.9158357,NaN,1.161790892481804,947479,0.6764660654791342
4,10.972289049,NaN,2.2822302728891373,954507,0.635704862390196
6,15.911411667,NaN,3.4028213024139404,969335,0.6575408718573255
8,21.977412504,NaN,4.523447901010513,982522,4.293739887842804
10,27.58777789,NaN,5.643892377614975,989572,5.861783752384705
12,35.980842768,NaN,6.764343485236168,996784,12.38676395863569
