N_t,time_mean,time_std,memory_estimate,allocations,gc_percent
2,3.103753861,0.005372965018981605,1.1518157720565796,1038502,1.4859159606535566
4,5.467541032,NaN,2.262388065457344,1046633,1.2963308841245837
6,7.720778372,NaN,3.373107135295868,1062531,1.531803016505497
8,11.518882421,NaN,4.48385713994503,1076325,7.193280769056303
10,15.128469438,NaN,5.594435527920723,1084435,14.482095369785416
12,18.343122639,NaN,6.70501783490181,1092811,20.43370983101238
