N_t,time_mean,time_std,memory_estimate,allocations,gc_percent
1,2.296337963,0.008496703945808946,0.565324530005455,1200832,2.3565226404785955
2,5.757100319,NaN,1.1618572250008583,2131164,1.2945795777438494
4,12.911534723,NaN,2.354734346270561,3985988,1.5529157788100074
6,20.934383276,NaN,3.548976629972458,5930532,7.794662109156657
8,28.623819815,NaN,4.744880944490433,7986367,8.15674621378272
10,36.290314085,NaN,5.941067971289158,10043158,8.071227028069961
