N_t,time_mean,time_std,memory_estimate,allocations,gc_percent
2,2.826499372,0.01792597573273159,0.3276346027851105,1176782,0.8976464049962647
4,5.319326241,NaN,0.6110175549983978,1182719,0.4854550149784656
6,7.706957601,NaN,0.8945296108722687,1195908,0.40533200800205105
8,10.060127175,NaN,1.1781224608421326,1208681,0.4276300612472128
10,12.51704082,NaN,1.461541399359703,1215732,0.4355905184305375
12,14.909987667,NaN,1.7449600398540497,1222789,0.43359167320497016
