N_t,time_mean,time_std,memory_estimate,allocations,gc_percent
2,1.866760367,0.03403382681844193,0.5838291049003601,491800,0.9993672101567603
4,3.479066248,0.005434443710965089,1.1451085954904556,498703,1.1709516604755381
6,5.019341453,0.032756211814477576,1.7064707428216934,509762,1.2711749259828649
8,6.838755402,NaN,2.2678448855876923,519816,1.5649310833474377
10,8.243758917,NaN,2.829130694270134,526913,1.7470858918859866
12,10.13365851,NaN,3.390414997935295,533990,1.2633741592304752
