N_t,time_mean,time_std,memory_estimate,allocations,gc_percent
2,2.36295836,0.00872449311395241,1.155125468969345,1037721,2.18534295289063
4,4.230166622,0.061535052636584445,2.268166273832321,1045472,2.3503270883687666
6,6.602335523,NaN,3.381358176469803,1061266,2.009461796326827
8,8.918744823,NaN,4.494589686393738,1075605,6.694874333215352
10,11.540511691,NaN,5.607630610466003,1083097,9.450739163069922
12,13.96343775,NaN,6.720691874623299,1091760,11.72011464010716
