{
    "fid_infinity": 140.9193834915583,
    "kid_infinity": 0.13131926805611682,
    "fid_values": [
        149.4311780880327,
        146.91738012424662,
        145.21779443599848,
        144.80686153955398,
        144.28278910117513,
        143.79751101174926
    ],
    "kid_values": [
        0.132119460105896,
        0.1321062970161438,
        0.131134774684906,
        0.13205756187438966,
        0.13157994031906128,
        0.1316275429725647
    ],
    "batch_sizes": [
        1000,
        1400,
        1800,
        2200,
        2600,
        3000
    ]
}