{
    "fid_infinity": 141.2424808870901,
    "kid_infinity": 0.13201379398481666,
    "fid_values": [
        148.25884823138642,
        148.7115949875157,
        147.4144858851095,
        146.89347811097252,
        144.8184706659278,
        145.21096331943622,
        145.18218432487305,
        144.51703504989825,
        144.06609855793263,
        143.94972151227924,
        143.79750979656455
    ],
    "kid_values": [
        0.1305956530570984,
        0.13287765502929688,
        0.1320314621925354,
        0.1324453067779541,
        0.13120560169219972,
        0.13251558542251587,
        0.13262044191360473,
        0.13130659818649293,
        0.13104448318481446,
        0.13203469514846802,
        0.13177866220474244
    ],
    "batch_sizes": [
        1000,
        1200,
        1400,
        1600,
        1800,
        2000,
        2200,
        2400,
        2600,
        2800,
        3000
    ]
}