{
    "fid_infinity": 80.41253525334855,
    "kid_infinity": 0.0663120283998955,
    "fid_values": [
        94.27434581503422,
        89.98740231698804,
        88.10359172328427,
        86.30202538438672,
        85.81956254787426,
        85.18291217298992
    ],
    "kid_values": [
        0.06783262491226197,
        0.0669997239112854,
        0.06754423141479492,
        0.06666716814041138,
        0.0668375825881958,
        0.0668938422203064
    ],
    "batch_sizes": [
        1000,
        1400,
        1800,
        2200,
        2600,
        3000
    ]
}