{
    "fid_infinity": 302.10893029194096,
    "kid_infinity": 0.32815506418956525,
    "fid_values": [
        314.01586636324754,
        313.2835260624553,
        311.64565238857165,
        309.7934611608674,
        309.5577189264917,
        308.82211464516587,
        307.86518755936925,
        307.3970367871567,
        306.3615979186777,
        306.56339363436166,
        306.2478029887179
    ],
    "kid_values": [
        0.3260378384590149,
        0.3280201053619385,
        0.3282524561882019,
        0.32816150665283206,
        0.32853643655776976,
        0.32799737215042113,
        0.32725287437438966,
        0.328631739616394,
        0.3273985767364502,
        0.32686882257461547,
        0.3275072479248047
    ],
    "batch_sizes": [
        1000,
        1200,
        1400,
        1600,
        1800,
        2000,
        2200,
        2400,
        2600,
        2800,
        3000
    ]
}